use lexiandb;
delete from products;
insert into products (id,product_name,first_category,second_category,third_category,product_brief_introduction,product_detail,pic1_url,pic2_url,pic3_url,pic4_url,create_time,updatetime,unit)
  value (100,'康师傅方便面1','1class1','1class2','1class3','the brief summary of the noodles1','the detailed summary of the noodles1','images/testimonials-img1.jpg','images/testimonials-img2.jpg','images/testimonials-img3.jpg','images/testimonials-img4.jpg','2017-08-30 11:34:25','2017-08-30 12:34:25','克'),
  (101,'康师傅方便面2','1class1','1class2','1class3','the brief summary of the noodles2','the detailed summary of the noodles2','images/testimonials-img1.jpg','images/testimonials-img2.jpg','images/testimonials-img3.jpg','images/testimonials-img4.jpg','2017-08-30 11:34:25','2017-08-30 12:34:25','克'),
  (102,'康师傅方便面3','1class1','1class2','2class3','the brief summary of the noodles3','the detailed summary of the noodles3','images/testimonials-img1.jpg','images/testimonials-img2.jpg','images/testimonials-img3.jpg','images/testimonials-img4.jpg','2017-08-30 11:34:25','2017-08-30 12:34:25','克'),
  (103,'康师傅方便面4','1class1','1class2','1class3','the brief summary of the noodles4','the detailed summary of the noodles4','images/testimonials-img1.jpg','images/testimonials-img2.jpg','images/testimonials-img3.jpg','images/testimonials-img4.jpg','2017-08-30 11:34:25','2017-08-30 12:34:25','克'),
  (104,'康师傅方便面5','1class1','1class2','3class3','the brief summary of the noodles5','the detailed summary of the noodles5','images/testimonials-img1.jpg','images/testimonials-img2.jpg','images/testimonials-img3.jpg','images/testimonials-img4.jpg','2017-08-30 11:34:25','2017-08-30 12:34:25','克'),
  (105,'康师傅方便面6','1class1','1class2','3class3','the brief summary of the noodles6','the detailed summary of the noodles6','images/testimonials-img1.jpg','images/testimonials-img2.jpg','images/testimonials-img3.jpg','images/testimonials-img4.jpg','2017-08-30 11:34:25','2017-08-30 12:34:25','克'),
  (106,'桶装水1','1class1','1class2','4class3','the brief summary of the noodles7','the detailed summary of the noodles7','images/testimonials-img1.jpg','images/testimonials-img2.jpg','images/testimonials-img3.jpg','images/testimonials-img4.jpg','2017-08-30 11:34:25','2017-08-30 12:34:25','克'),
  (107,'桶装水2','1class1','1class2','2class3','the brief summary of the noodles8','the detailed summary of the noodles8','images/testimonials-img1.jpg','images/testimonials-img2.jpg','images/testimonials-img3.jpg','images/testimonials-img4.jpg','2017-08-30 11:34:25','2017-08-30 12:34:25','克'),
  (108,'桶装水3','1class1','1class2','1class3','the brief summary of the noodles9','the detailed summary of the noodles9','images/testimonials-img1.jpg','images/testimonials-img2.jpg','images/testimonials-img3.jpg','images/testimonials-img4.jpg','2017-08-30 11:34:25','2017-08-30 12:34:25','克'),
  (109,'桶装水4','1class1','1class2','1class3','the brief summary of the noodles10','the detailed summary of the noodles10','images/testimonials-img1.jpg','images/testimonials-img2.jpg','images/testimonials-img3.jpg','images/testimonials-img4.jpg','2017-08-30 11:34:25','2017-08-30 12:34:25','克'),
  (110,'桶装水5','1class1','1class2','4class3','the brief summary of the noodles11','the detailed summary of the noodles11','images/testimonials-img1.jpg','images/testimonials-img2.jpg','images/testimonials-img3.jpg','images/testimonials-img4.jpg','2017-08-30 11:34:25','2017-08-30 12:34:25','克'),
  (111,'桶装水6','1class1','1class2','1class3','the brief summary of the noodles12','the detailed summary of the noodles12','images/testimonials-img1.jpg','images/testimonials-img2.jpg','images/testimonials-img3.jpg','images/testimonials-img4.jpg','2017-08-30 11:34:25','2017-08-30 12:34:25','克'),
  (112,'桶装水7','1class1','1class2','1class3','the brief summary of the noodles13','the detailed summary of the noodles13','images/testimonials-img1.jpg','images/testimonials-img2.jpg','images/testimonials-img3.jpg','images/testimonials-img4.jpg','2017-08-30 11:34:25','2017-08-30 12:34:25','克'),
  (113,'桶装水8','1class1','1class2','1class3','the brief summary of the noodles13','the detailed summary of the noodles13','images/testimonials-img1.jpg','images/testimonials-img2.jpg','images/testimonials-img3.jpg','images/testimonials-img4.jpg','2017-08-30 11:34:25','2017-08-30 12:34:25','克'),
  (114,'桶装水9','1class1','1class2','1class3','the brief summary of the noodles13','the detailed summary of the noodles13','images/testimonials-img1.jpg','images/testimonials-img2.jpg','images/testimonials-img3.jpg','images/testimonials-img4.jpg','2017-08-30 11:34:25','2017-08-30 12:34:25','克'),
    (115,'桶装水10','1class1','1class2','1class3','the brief summary of the noodles13','the detailed summary of the noodles13','images/testimonials-img1.jpg','images/testimonials-img2.jpg','images/testimonials-img3.jpg','images/testimonials-img4.jpg','2017-08-30 11:34:25','2017-08-30 12:34:25','克'),
      (116,'桶装11','1class1','1class2','1class3','the brief summary of the noodles13','the detailed summary of the noodles13','images/testimonials-img1.jpg','images/testimonials-img2.jpg','images/testimonials-img3.jpg','images/testimonials-img4.jpg','2017-08-30 11:34:25','2017-08-30 12:34:25','克'),
        (117,'桶装12','1class1','1class2','1class3','the brief summary of the noodles13','the detailed summary of the noodles13','images/testimonials-img1.jpg','images/testimonials-img2.jpg','images/testimonials-img3.jpg','images/testimonials-img4.jpg','2017-08-30 11:34:25','2017-08-30 12:34:25','克'),
          (118,'桶装13','1class1','1class2','1class3','the brief summary of the noodles13','the detailed summary of the noodles13','images/testimonials-img1.jpg','images/testimonials-img2.jpg','images/testimonials-img3.jpg','images/testimonials-img4.jpg','2017-08-30 11:34:25','2017-08-30 12:34:25','克'),
            (119,'桶装14','1class1','1class2','1class3','the brief summary of the noodles13','the detailed summary of the noodles13','images/testimonials-img1.jpg','images/testimonials-img2.jpg','images/testimonials-img3.jpg','images/testimonials-img4.jpg','2017-08-30 11:34:25','2017-08-30 12:34:25','克'),
              (120,'桶装15','1class1','1class2','1class3','the brief summary of the noodles13','the detailed summary of the noodles13','images/testimonials-img1.jpg','images/testimonials-img2.jpg','images/testimonials-img3.jpg','images/testimonials-img4.jpg','2017-08-30 11:34:25','2017-08-30 12:34:25','克');
delete from branch_store;
insert into branch_store (id, store_name, store_tel, province, city, district, store_address, longitude, latitude, store_introduction, store_start_time, store_close_time, store_status)
  value (100, '中软1', '13700000000', '山西省', '太原市', '万柏林区', 'Chuan Da Road No. 2', 1000.2, 2000.1, '中软1的介绍', '2016-08-30 11:34:25', '2016-08-30 16:34:25',1),
  (101, '中软2', '13700000000', '山西省', '太原市', '万柏林区', 'Chuan Da Road No. 2', 1000.2, 2000.1, '中软2的介绍', '2016-08-30 11:34:25', '2016-08-30 16:34:25',1),
  (102, '中软3', '13700000000', '山西省', '太原市', '万柏林区', 'Chuan Da Road No. 2', 1000.2, 2000.1, '中软3的介绍', '2016-08-30 11:34:25', '2016-08-30 16:34:25',1),
  (103, '中软4', '13700000000', '山西省', '太原市', '万柏林区', 'Chuan Da Road No. 2', 1000.2, 2000.1, '中软4的介绍', '2016-08-30 11:34:25', '2016-08-30 16:34:25',1),
  (104, '中软5', '13700000000', '山西省', '太原市', '万柏林区', 'Chuan Da Road No. 2', 1000.2, 2000.1, '中软5的介绍', '2016-08-30 11:34:25', '2016-08-30 16:34:25',0),
  (105, '中软6', '13700000000', '四川省', '成都市', '双流县', 'Chuan Da Road No. 2', 1000.2, 2000.1, '中软6的介绍', '2016-08-30 11:34:25', '2016-08-30 16:34:25',1),
  (106, '中软7', '13700000000', '四川省', '成都市', '双流县', 'Chuan Da Road No. 2', 1000.2, 2000.1, '中软7的介绍', '2016-08-30 11:34:25', '2016-08-30 16:34:25',1),
  (107, '中软8', '13700000000', '四川省', '成都市', '双流县', 'Chuan Da Road No. 2', 1000.2, 2000.1, '中软8的介绍', '2016-08-30 11:34:25', '2016-08-30 16:34:25',1),
  (108, '中软9', '13700000000', '四川省', '成都市', '双流县', 'Chuan Da Road No. 2', 1000.2, 2000.1, '中软9的介绍', '2016-08-30 11:34:25', '2016-08-30 16:34:25',0),
  (119, '中软10', '13700000000', '四川省', '成都市', '双流县', 'Chuan Da Road No. 2', 1000.2, 2000.1, '中软10的介绍', '2016-08-30 11:34:25', '2016-08-30 16:34:25',1),
  (1110, '中软11', '13700000000', '四川省', '成都市', '双流县', 'Chuan Da Road No. 2', 1000.2, 2000.1, '中软11的介绍', '2016-08-30 11:34:25', '2016-08-30 16:34:25',1);
delete from products_by_store;
insert into products_by_store (store_id, product_id, inventory, original_price, discount, product_status)
  value (100,100,2,12.00,0.8,1),
  (100,101,2,12.00,0.8,1),
  (100,102,2,12.00,0.76,1),
  (100,103,2,12.00,0.8,1),
  (100,104,2,12.00,0.8,1),
  (100,105,2,12.00,0.5,1),
  (100,106,2,12.00,0.8,1),
  (100,107,2,12.00,0.8,1),
  (100,108,2,12.00,0.8,1),
  (100,109,2,12.00,0.8,1),
  (100,110,2,12.00,0.8,1),
  (100,111,2,12.00,0.8,1),
  (100,112,2,12.00,0.8,1),
  (100,113,2,12.00,0.8,1),
  (100,114,2,12.00,0.8,0),
  (100,115,2,12.00,0.8,1),
  (100,116,2,12.00,0.8,1),
  (100,117,2,12.00,0.8,1),
  (100,118,2,12.00,0.8,1),
  (100,119,2,12.00,0.8,1),
  (100,120,2,12.00,0.8,0),
  (101,100,2,12.00,0.8,1),
  (101,101,2,12.00,0.8,1),
  (101,102,2,12.00,0.8,1),
  (101,103,2,12.00,0.8,1),
  (101,104,2,12.00,0.34,1),
  (101,105,2,12.00,0.8,1),
  (101,106,2,12.00,0.8,1),
  (101,107,2,12.00,0.8,1),
  (101,108,2,12.00,0.8,0),
  (101,109,2,12.00,0.92,1),
  (101,110,2,12.00,0.8,1),
  (101,111,2,12.00,0.8,1),
  (101,112,2,12.00,0.8,1),
  (101,113,2,12.00,0.8,1),
  (101,114,2,12.00,0.8,1),
  (101,115,2,12.00,0.8,1),
  (101,116,2,12.00,0.8,0),
  (101,117,2,12.00,0.8,1),
  (101,118,2,12.00,0.8,1),
  (101,119,2,12.00,0.8,1),
  (101,120,2,12.00,0.8,1);
